timestamp,electrode,s1,s2,s3,s4,s5,intuitive
1745103171246,3,1908,-32030,-9849,30583,-31498,0
1745103171247,2,-14467,31962,-16009,-30852,32481,0
1745103171247,0,-30852,31430,-18585,26491,29579,0
1745103171249,1,4092,-2340,-9809,-8205,-26113,0
1745103171291,3,-22664,-32662,4712,22393,32654,0
1745103171292,2,18301,32467,-7129,-6275,32224,0
1745103171293,0,30585,31358,-29945,1912,30600,0
1745103171307,1,1536,-63,-27137,24566,-110,0
1745103171336,3,-18564,31065,11864,-10368,31391,0
1745103171337,2,30588,31669,-20169,1915,31671,0
1745103171351,0,-2184,32159,3240,22394,31668,0
1745103171352,1,256,-10767,-33,-16396,-180,0
1745103171397,3,-22658,30055,-19945,6017,31213,0
1745103171397,2,14203,31399,-19945,-26758,31389,0
1745103171398,0,22389,30792,-20201,18297,31635,0
1745103171399,1,0,-23808,-193,-12301,-3119,0
1745103171441,3,2178,31826,27063,30842,31527,0
1745103171442,2,-30853,31408,-20137,22395,31400,0
1745103171443,0,-10117,32535,-21369,-26759,30889,0
1745103171444,1,3940,-1537,-30289,-12292,-2853,0
1745103171486,3,-2186,32471,-24265,10365,32563,0
1745103171487,2,-10373,31411,-20073,-2181,31419,0
1745103171488,0,-30856,28979,-22425,-2177,30918,0
1745103171489,1,0,128,22534,-24581,-17665,0
1745103171532,3,26486,32413,-10713,14197,-32676,0
1745103171532,2,-14469,31681,-20809,-26757,31680,0
1745103171533,0,-6279,30673,-31625,-22662,31909,0
1745103171534,1,-8349,-1537,-28449,20474,-126,0
1745103171576,3,-6277,31597,13704,30592,31075,0
1745103171577,2,-18568,31398,-22729,26491,31932,0
1745103171578,0,10102,31637,-29577,14197,32416,0
1745103171579,1,2304,-174,-3329,-6833,-91,0
1745103171621,3,1919,31122,-1881,30588,30040,0
1745103171622,2,-30853,32188,-11961,-2182,31658,0
1745103171623,0,-26762,31547,-10793,-26761,31834,0
1745103171624,1,-24501,-31232,-81,16793,-13757,0
1745103171667,3,1919,31215,-27993,2176,31788,0
1745103171667,2,-30853,31400,-25241,-10376,30859,0
1745103171668,0,1911,30046,-15289,-30851,31414,0
1745103171669,1,-20476,512,-17862,-1,-3240,0
1745103171711,3,-10379,32221,-25513,10363,-31421,0
1745103171712,2,18299,31402,-18249,1916,31415,0
1745103171726,0,14196,30852,-26521,6014,31729,0
1745103171728,1,0,128,19462,8188,-20481,0
1745103171772,3,-30859,-32337,-6761,-10375,-31775,0
1745103171772,2,-18566,31665,-19945,1916,31432,0
1745103171773,0,1909,30863,-24601,14204,30892,0
1745103171774,1,-8189,113,0,28572,-10497,0
1745103171817,3,26490,31606,-1433,-14470,31329,0
1745103171817,2,-6277,31952,-16937,-14469,31419,0
1745103171818,0,-26761,32740,-21193,22393,31132,0
1745103171819,1,12114,-794,29151,24573,-192,0
1745103171861,3,-22658,31100,-22937,-26755,31979,0
1745103171862,2,-18567,31663,-18201,-18566,31665,0
1745103171863,0,1913,30577,22855,-6284,-32301,0
1745103171864,1,4205,2304,21568,2048,-205,0
1745103171906,3,-10363,29878,-29305,30850,31025,0
1745103171907,2,-10374,31387,-15929,14204,31676,0
1745103171908,0,18300,31116,-9609,6010,31376,0
1745103171909,1,-2561,12829,-97,-28673,-2722,0
1745103172026,3,-6019,32583,-17177,-14210,32546,0
1745103172026,2,10109,31949,-9305,6014,31952,0
1745103172026,0,-10376,30325,-20041,-18561,31990,0
1745103172026,1,0,110,263,-1,-1915,0
1745103172026,3,-10382,32707,-19033,1915,-32003,0
1745103172026,2,-30852,32220,-16377,-30851,31959,0
1745103172026,0,30579,30030,24775,10107,31162,0
1745103172026,1,-8192,83,-32256,28597,-2817,0
1745103172063,3,-6284,-32624,-3385,26486,32382,0
1745103172063,2,-10372,32227,-19689,-6277,31957,0
1745103172063,0,-6282,32218,-21513,6007,31118,0
1745103172063,1,1536,-165,-12807,2048,-155,0
1745103172087,3,-2182,31599,18904,1921,30562,0
1745103172102,2,-22661,31940,-16457,22395,31926,0
1745103172102,0,6006,31890,-6233,6010,31621,0
1745103172103,1,1024,-2601,-225,-10885,-177,0
1745103172147,3,1920,31416,-15017,10112,30363,0
1745103172147,2,14204,31661,-16713,-22662,31666,0
1745103172148,0,6008,31100,-19897,30584,30800,0
1745103172149,1,-24169,-15594,-81,4245,27136,0
1745103172191,3,-10113,31238,-21865,18559,31782,0
1745103172192,2,10108,31415,-14089,22396,31406,0
1745103172193,0,-2182,31117,-1961,-18562,31634,0
1745103172194,1,-24570,6400,-6052,-1,-2475,0
1745103172237,3,14202,32753,-29369,22647,-30714,0
1745103172237,2,-2180,31688,-18025,14204,31684,0
1745103172238,0,30585,30873,-14953,-30850,32218,0
1745103172239,1,0,1793,192,-4250,-1025,0
1745103172281,3,22392,32402,-10889,10106,-32579,0
1745103172282,2,10109,31951,-13017,-18564,31935,0
1745103172283,0,14199,31127,24007,-26503,32258,0
1745103172284,1,-24569,2048,0,24418,-9,0
1745103172326,3,-18565,-32621,12152,-14464,30837,0
1745103172327,2,-18565,32203,-11993,-18564,31950,0
1745103172328,0,30841,32529,-15913,6012,31169,0
1745103172329,1,-4567,-219,17663,-20483,-187,0
1745103172371,3,-26752,30577,-2457,6019,31210,0
1745103172372,2,22397,32206,-11721,-18564,32207,0
1745103172373,0,-18568,30792,-5513,26488,32386,0
1745103172374,1,28821,24576,-17,-3197,-3191,0
1745103172416,3,-10374,31465,-24505,-30594,32027,0
1745103172417,2,14204,31677,-12297,10109,31944,0
1745103172418,0,30581,31605,-8009,-22660,32459,0
1745103172419,1,12295,25600,-177,-12295,-3164,0
1745103172462,3,-22665,31960,30759,-14472,-32265,0
1745103172477,2,14205,31676,-14633,-14468,31432,0
1745103172477,0,22388,30001,-16489,6014,30634,0
1745103172492,1,0,146,-14588,-16389,-1826,0
1745103172521,3,-14474,32203,29943,14195,-31789,0
1745103172522,2,-30853,31678,-27369,6009,31663,0
1745103172523,0,30584,30672,13815,-30858,32206,0
1745103172524,1,8035,-23041,80,-24776,-3631,0
1745103172566,3,30584,31858,-3881,-14472,32089,0
1745103172567,2,-2181,32215,-16361,30588,32216,0
1745103172568,0,26748,31490,29687,10102,-32514,0
1745103172597,1,-4238,-1,32759,2304,-68,0
1745103172611,3,14209,30856,-2489,6019,30898,0
1745103172612,2,22396,32482,-11641,18300,31672,0
1745103172613,0,26494,30375,-22969,-26752,31464,0
1745103172614,1,24729,0,12296,-257,-44,0
1745103172656,3,14211,29603,-21081,-6273,30680,0
1745103172657,2,-14469,31931,-13769,1916,31662,0
1745103172658,0,1915,30257,-21113,22391,30555,0
1745103172659,1,-24400,18176,-161,28886,20992,0
1745103172701,3,30584,31732,-29577,18299,31975,0
1745103172702,2,-30852,31406,-11913,-6276,31935,0
1745103172703,0,10104,30585,5719,10098,30012,0
1745103172704,1,0,0,0,0,130,0
1745103172746,3,-26763,-32586,-29129,26744,-31439,0
1745103172747,2,1918,32224,-9913,-26754,32755,0
1745103172748,0,18301,30645,-15449,-10367,30716,0
1745103172749,1,8192,193,-28414,-4138,-12801,0
1745103172791,3,22386,30814,17207,13930,30150,0
1745103172792,2,-30851,31974,-14361,14204,31681,0
1745103172793,0,-18576,28441,-3674,9834,29664,0
1745103172794,1,3916,-21505,0,2048,-252,0
1745103172837,3,-31120,29174,24551,1911,29753,0
1745103172851,2,-10376,30867,27815,6006,30571,0
1745103172852,0,-10380,31884,-12793,-22663,29559,0
1745103172853,1,2048,-1,20223,32764,-208,0
1745103172896,3,-10372,30860,12744,-14202,-31937,0
1745103172897,2,-10378,31355,-27881,22391,31357,0
1745103172898,0,30851,32585,13672,14475,-32080,0
1745103172899,1,8,25344,-161,-4103,-1142,0
1745103172942,3,-14202,32553,1224,30856,-32103,0
1745103172942,2,-10374,31378,-13081,26491,31656,0
1745103172943,0,10376,-29723,-31480,22925,-29946,0
1745103172944,1,10,8448,32125,-1,-705,0
1745103173001,3,-14210,32537,-2889,30850,-30334,0
1745103173002,2,-22659,31953,-9657,18303,32241,0
1745103173003,0,10364,-31445,-6777,-10118,-29327,0
1745103173004,1,-16370,2560,208,2304,-59,0
1745103173031,3,-14467,32253,26375,-18313,-31742,0
1745103173032,2,-6275,31705,-25305,-10374,31931,0
1745103173033,0,-6278,-32371,10424,22391,-31881,0
1745103173034,1,-16392,28159,32,1536,-172,0
1745103173077,3,-30857,31876,-11945,-18306,-32725,0
1745103173077,2,-14470,31670,-20041,14203,31942,0
1745103173078,0,-22663,31321,2712,30588,29264,0
1745103173079,1,0,2841,144,-20634,-48,0
1745103173122,3,-6277,31402,-7081,1919,32209,0
1745103173122,2,-2180,32215,-7449,-6276,32208,0
1745103173123,0,9846,26877,-442,-30859,29021,0
1745103173137,1,0,0,32512,1536,-184,0
1745103173166,3,14202,29527,-23577,14206,31728,0
1745103173167,2,14201,30851,-29321,30584,30067,0
1745103173167,0,26481,27744,-26714,26483,27271,0
1745103173169,1,-16380,768,10016,2304,-175,0
1745103173212,3,6014,29840,25751,-18566,31691,0
1745103173212,2,26490,31131,-21385,-6278,31134,0
1745103173226,0,-10655,28920,20982,-30878,31787,0
1745103173227,1,0,512,18208,2048,-165,0
1745103173272,3,-22668,31900,21543,6006,30874,0
1745103173272,2,10109,32220,-4105,6272,-32744,0
1745103173273,0,18016,31171,1255,-15012,28397,0
1745103173274,1,1536,-228,-22273,-20490,-136,0
1745103173317,3,-30856,30589,29783,-18572,32737,0
1745103173317,2,14207,32227,-14457,-14468,31961,0
1745103173318,0,30310,27976,4567,-31123,29130,0
1745103173319,1,0,2304,80,-185,-358,0
1745103173362,3,-6278,32155,-921,30589,32678,0
1745103173362,2,22393,31388,-21993,22395,31932,0
1745103173363,0,22141,27631,-24649,6017,28795,0
1745103173364,1,-5,-1089,-16385,-4101,-833,0
1745103173407,3,22399,30871,-7737,1921,32253,0
1745103173407,2,-6279,31394,-20873,10105,31640,0
1745103173408,0,-22397,30532,-30921,-30583,31926,0
1745103173409,1,24579,114,15622,-1,-1891,0
1745103173467,3,6274,31274,-20089,-22656,31456,0
1745103173467,2,-14470,30879,-32505,14203,31167,0
1745103173468,0,-6023,31805,11783,-18309,-31618,0
1745103173469,1,-5,-1089,-16385,4092,-193,0
1745103173497,3,30848,-32765,-1305,-1922,-32480,0
1745103173497,2,6010,30868,-25401,-10376,31115,0
1745103173498,0,-6285,-29986,5304,18291,-31307,0
1745103173499,1,0,-23808,-193,-16397,-1082,0
1745103173542,3,1913,32170,-8025,-30593,-30961,0
1745103173542,2,-30853,31435,-22073,-10374,31659,0
1745103173543,0,-30858,-32438,22760,-10373,-32683,0
1745103173544,1,-8197,-1090,-11121,8184,-753,0
1745103173587,3,-6279,31854,-8553,14205,-32556,0
1745103173602,2,-22663,31936,-19577,-14471,30857,0
1745103173602,0,-6272,29816,-7145,6023,30161,0
1745103173603,1,0,142,-11518,-28699,-2817,0
1745103173647,3,-18563,32685,8376,-26757,29771,0
1745103173647,2,-2179,32208,-10905,22395,31666,0
1745103173648,0,22403,30173,-31609,-6271,28916,0
1745103173649,1,-5,-1089,-11009,-24586,-2580,0
1745103173692,3,-10110,-32197,1512,-26498,31523,0
1745103173692,2,-26755,32740,-4761,-2179,32223,0
1745103173693,0,-14211,29708,-10602,-6283,31200,0
1745103173694,1,28664,-2317,-9713,-5,-1089,0
1745103173752,3,-14476,31160,31927,-22403,-32700,0
1745103173752,2,-10372,31957,-11961,30588,31395,0
1745103173753,0,-30865,31126,26423,10102,-30479,0
1745103173754,1,-4092,104,-2040,-1,-1202,0
1745103173797,3,6006,32696,-15529,-22668,-31821,0
1745103173797,2,-2184,30587,-31529,30583,31095,0
1745103173798,0,-14469,-31039,22936,30588,-30216,0
1745103173799,1,-5,-1089,-16385,4092,-194,0
1745103173827,3,1911,30529,-25881,-30856,30583,0
1745103173828,2,22391,30830,-27033,1915,31427,0
1745103173828,0,26760,-32408,14344,-1916,-31443,0
1745103173842,1,0,1792,128,-1000,-29,0
1745103173871,3,26495,30876,-4585,-22656,30662,0
1745103173872,2,-2179,32483,-16633,-2181,32482,0
1745103173873,0,26762,-32424,23640,-1914,32526,0
1745103173874,1,-24580,-1902,-49,-12180,1792,0
1745103173917,3,-22655,30174,-30921,-14210,30209,0
1745103173917,2,-2181,31424,-18697,10107,30872,0
1745103173918,0,-14200,31901,-21593,-26496,31496,0
1745103173919,1,-28810,-2049,-23697,4084,-25089,0
1745103173962,3,6009,31486,6743,-6284,-32528,0
1745103173962,2,-2184,31133,-30377,6008,31395,0
1745103173963,0,-26759,32490,-7465,2177,32310,0
1745103173977,1,0,128,15622,-1,-1891,0
1745103174021,3,14187,-32428,-16457,-22672,-30810,0
1745103174022,2,18297,31409,-24617,14201,31123,0
1745103174023,0,6002,31618,-22873,22390,32411,0
1745103174024,1,2,2074,64,-29134,-88,0
1745103174066,3,9840,30923,-3945,-31115,30182,0
1745103174067,2,-2185,31113,32007,10102,29777,0
1745103174068,0,-18574,30510,29095,-18574,30494,0
1745103174069,1,-24572,30,27472,1536,-128,0
1745103174111,3,-22915,29431,-20265,-10634,29434,0
1745103174112,2,-18573,29738,18455,22388,30028,0
1745103174113,0,5752,28656,32055,10104,31032,0
1745103174114,1,-8015,123,-3584,1280,-747,0
1745103174186,3,-18562,29624,26887,14212,30438,0
1745103174187,2,-18570,30832,-27241,-14471,31123,0
1745103174188,0,10107,29558,25607,14202,29785,0
1745103174189,1,-4058,1536,13792,0,-21189,0
1745103174201,3,14462,30470,8519,2169,32294,0
1745103174202,2,22397,31941,-15353,-30852,31685,0
1745103174203,0,26487,29338,-9786,-30861,31155,0
1745103174204,1,-2305,225,27392,-24576,0,0
1745103174277,3,-18567,32210,-29497,18291,-32069,0
1745103174277,2,-2180,32217,-15049,-30852,31950,0
1745103174278,0,26485,30086,10839,-18576,32409,0
1745103174279,1,0,1024,128,2560,-177,0
1745103174291,3,10097,31575,-32105,-30862,32084,0
1745103174292,2,-2181,32465,-10441,14205,32473,0
1745103174292,0,1642,29355,-12714,30312,30438,0
1745103174294,1,0,256,23888,1792,-83,0
1745103174337,3,30324,29426,-24393,18295,30562,0
1745103174367,2,30587,31677,-19785,14203,31674,0
1745103174367,0,22125,26968,-5978,26216,25702,0
1745103174368,1,0,0,26848,1792,-186,0
1745103174397,3,1916,29269,22615,-30859,28981,0
1745103174397,2,6009,31378,-24745,-14472,31113,0
1745103174398,0,22125,25674,-26586,1643,26023,0
1745103174399,1,-8195,-204,6397,26,1792,0
1745103174442,3,6272,30743,-22153,-22656,31158,0
1745103174442,2,18297,30597,-25161,30587,31394,0
1745103174443,0,-2184,29411,-12186,-14478,30121,0
1745103174444,1,-1,-2112,-11409,-8197,-189,0
1745103174487,3,22653,32256,-10409,-30593,32539,0
1745103174487,2,30588,31681,-15945,-18564,31689,0
1745103174488,0,10094,31665,14039,1908,-32542,0
1745103174489,1,-16378,28672,-1,8184,-1126,0
1745103174532,3,26488,-32530,-25513,14455,-31741,0
1745103174532,2,-22660,32448,-5321,26751,32259,0
1745103174533,0,22387,32668,-26249,-14482,-31950,0
1745103174534,1,2,256,24384,1792,-101,0
1745103174576,3,18295,32395,-6921,-6277,-31515,0
1745103174577,2,1917,31953,-15881,-2182,31929,0
1745103174578,0,30582,31784,21768,14209,-31854,0
1745103174579,1,20488,512,13760,2048,-24,0
1745103174652,3,14210,-32308,24280,-26495,-29641,0
1745103174652,2,10110,-32537,2888,-26753,-32526,0
1745103174653,0,6025,29081,-16137,10378,31569,0
1745103174655,1,8381,117,-4608,1280,-38,0
1745103174667,3,30855,32016,10488,-14202,31502,0
1745103174667,2,10110,32191,2488,2177,-32753,0
1745103174668,0,-22397,30766,23191,-1921,31080,0
1745103174682,1,-5,-1089,-16385,-5,-1089,0
1745103174712,3,-10370,30905,-18313,-26756,32204,0
1745103174713,2,10369,32261,-1801,18560,-32766,0
1745103174742,0,14463,-30735,27239,18551,-31429,0
1745103174743,1,-5,-1089,-16385,-5,-1089,0
1745103174772,3,-10366,29151,16023,30845,32547,0
1745103174772,2,-22658,32225,-8121,30848,-32750,0
1745103174773,0,30846,-30888,-13513,6004,-28957,0
1745103174774,1,-24587,-4609,21972,1536,-1082,0
1745103174816,3,30584,32463,-12809,6269,-32467,0
1745103174817,2,-10370,32765,-6329,-10371,32226,0
1745103174818,0,26487,32007,11832,-26760,-32149,0
1745103174819,1,0,1024,2560,2304,-155,0
1745103174862,3,-18571,-32322,-2233,26490,-31251,0
1745103174862,2,-22661,31951,-12297,18301,32488,0
1745103174863,0,-6274,30002,19128,-10360,30906,0
1745103174864,1,4105,20224,-11457,-12546,-40,0
1745103174907,3,26491,32666,9800,1915,32683,0
1745103174907,2,-22661,31940,-16745,26491,31937,0
1745103174908,0,-10362,29424,21623,18563,31296,0
1745103174909,1,0,128,15622,-1,-1891,0
1745103174952,3,-10375,29188,-17993,-10373,29518,0
1745103174952,2,-14469,31393,-19529,-6279,31646,0
1745103174953,0,30850,30030,-7130,-22668,31427,0
1745103174954,1,-5,-3368,-97,8378,1352,0
1745103174997,3,6015,28860,11719,1916,29865,0
1745103174997,2,-10374,31135,-23401,-18566,30876,0
1745103174998,0,-26768,32190,-4538,-10388,32376,0
1745103174999,1,-28680,31743,176,-20475,22,0
1745103175042,3,-26759,30669,27335,-2182,31698,0
1745103175042,2,-14470,31405,-24713,-10374,30894,0
1745103175043,0,-30861,32545,-2217,30323,31706,0
1745103175044,1,0,0,17920,0,-25600,0
1745103175087,3,-30861,31115,17223,18287,32139,0
1745103175088,2,-2184,31396,-28857,26488,31137,0
1745103175102,0,-22922,29685,-11481,-22665,29454,0
1745103175103,1,0,0,0,0,6,0
1745103175147,3,-2191,-31904,-3337,30580,31825,0
1745103175147,2,26489,31930,-13321,1914,31636,0
1745103175148,0,-6276,29807,-16585,-30587,31535,0
1745103175149,1,768,-5861,-129,-20492,-1059,0
1745103175206,3,-26761,31551,18952,-14467,29993,0
1745103175207,2,-2184,31372,-17881,-10374,31132,0
1745103175207,0,-10112,32336,-25593,-1922,-32655,0
1745103175209,1,-5,-1089,-16385,-5,-1089,0
1745103175236,3,-14462,30406,-20697,-30853,30602,0
1745103175237,2,-10374,31127,-27193,14201,30624,0
1745103175238,0,-22404,-30006,-14649,18560,-29483,0
1745103175239,1,-5,-1089,-16385,-5,-1089,0
1745103175282,3,-14467,30408,32551,26755,29442,0
1745103175282,2,-22664,30575,32727,-14473,30879,0
1745103175283,0,10364,-28972,14552,30585,-31327,0
1745103175285,1,-8197,-1089,-16401,-5,-1089,0
1745103175327,3,26493,30417,9191,18298,29671,0
1745103175327,2,10105,30874,-28985,6009,30608,0
1745103175328,0,22390,-30558,-13816,-22655,-31564,0
1745103175330,1,-5,-1089,-16385,-5,-1089,0
1745103175372,3,18292,31655,-4490,18028,29376,0
1745103175372,2,-22661,-32521,-969,6272,-32512,0
1745103175373,0,22137,28095,22935,-2445,25142,0
1745103175374,1,-5,-1089,-16385,-5,-1089,0
1745103175417,3,-18844,26763,32182,13931,26210,0
1745103175418,2,6274,-31945,21720,26755,-31406,0
1745103175432,0,-6548,21845,-2635,26224,21785,0
1745103175433,1,-5,-1089,-16385,4094,-184,0
1745103175477,3,-22666,29023,16215,10105,29805,0
1745103175477,2,-18301,-32765,2424,1916,32453,0
1745103175478,0,14194,25942,19350,22389,28840,0
1745103175479,1,-4099,-2110,-11601,-5,-577,0
1745103175521,3,-6016,31506,-31609,-30596,-29841,0
1745103175522,2,26493,31424,-19673,18302,31726,0
1745103175523,0,-22673,32219,1111,18544,-27855,0
1745103175538,1,-12282,0,-32768,1280,-1003,0
1745103175567,3,-26496,-31703,5592,-30596,-30924,0
1745103175567,2,26486,30324,-18873,1916,30309,0
1745103175568,0,-26765,-31029,4664,18294,-30031,0
1745103175570,1,28679,87,1281,24517,-2305,0
1745103175612,3,10108,-30977,28936,22398,31403,0
1745103175612,2,26488,30598,24951,14198,31073,0
1745103175613,0,-10365,-32564,-11912,18308,31322,0
1745103175614,1,-12383,-3073,-13985,16381,-205,0
1745103175657,3,1917,30956,17544,6025,30937,0
1745103175657,2,-22664,30551,20871,22389,31386,0
1745103175658,0,10374,30999,14744,18575,-32059,0
1745103175660,1,0,1280,192,-1532,-40,0
1745103175702,3,2172,32535,-13849,-22663,31404,0
1745103175702,2,1912,30590,31063,-18568,31085,0
1745103175703,0,-30587,32401,-20377,2181,32300,0
1745103175704,1,0,0,23552,0,-21420,0
1745103175747,3,-2180,31452,13591,26482,-32022,0
1745103175747,2,30581,30560,-14985,26488,29768,0
1745103175748,0,6005,31936,15895,18547,-30951,0
1745103175749,1,0,256,18160,1792,-120,0
1745103175792,3,-22667,-32257,25991,26478,-31861,0
1745103175806,2,-26759,30622,15991,-26766,30333,0
1745103175807,0,-10385,32116,-31689,30577,-30550,0
1745103175808,1,0,2048,224,-24774,-2656,0
1745103175851,3,30318,32715,-30600,22396,32642,0
1745103175852,2,1912,30377,24775,1911,30867,0
1745103175853,0,-6539,31445,-32600,30587,-32198,0
1745103175854,1,0,1024,2848,2560,-221,0
1745103175897,3,-26761,32525,18152,10108,30034,0
1745103175897,2,10107,30318,32215,10106,30906,0
1745103175898,0,-10375,31755,12504,-14469,30862,0
1745103175913,1,0,768,6064,2304,-103,0
1745103175942,3,-6272,31162,-13881,-10109,30231,0
1745103175942,2,22395,30903,-24185,-26756,31674,0
1745103175943,0,-22654,31193,21399,-18308,29444,0
1745103175944,1,-5,-1089,-16385,-3,-209,0
1745103175987,3,-26500,32061,26023,18556,32605,0
1745103175987,2,-18564,30880,30039,18297,31411,0
1745103175988,0,6008,30682,12215,14200,30941,0
1745103175990,1,0,-13575,-161,4075,-4609,0
1745103176032,3,-22410,-31150,-14697,6273,-31595,0
1745103176032,2,-6279,31101,-22089,30586,31425,0
1745103176047,0,-6290,29545,6007,-22672,32103,0
1745103176048,1,0,1792,176,32599,-825,0
1745103176077,3,-14473,-31285,18664,-22662,31849,0
1745103176077,2,-10372,30886,-20793,30585,31909,0
1745103176078,0,-10387,31239,-16889,-27019,30190,0
1745103176092,1,-5,-1089,-7937,-28684,-4609,0
1745103176122,3,-2186,30724,872,-22663,30262,0
1745103176122,2,18298,31401,-21577,-22662,31404,0
1745103176123,0,-10643,27546,9447,-27023,28858,0
1745103176124,1,0,1536,128,-17657,-32,0
1745103176181,3,-27024,27277,1591,18295,28452,0
1745103176182,2,-14470,31645,-18169,-18566,31670,0
1745103176182,0,1649,26802,-9994,9844,27114,0
1745103176184,1,0,74,-28928,512,-5618,0
1745103176226,3,-2186,28025,-32442,5999,28514,0
1745103176227,2,-2180,31954,-19865,10108,31953,0
1745103176228,0,-2456,24964,-7387,-22939,27586,0
1745103176229,1,0,0,-30976,256,-9254,0
1745103176272,3,18022,29687,-7482,-22678,32378,0
1745103176272,2,10110,31937,-8633,18302,32489,0
1745103176273,0,-31134,28098,27814,5992,32351,0
1745103176275,1,-32759,1280,32,2560,-53,0
1745103176317,3,-30859,-31522,18152,26492,-29446,0
1745103176317,2,18303,32219,-12073,10108,32214,0
1745103176318,0,13928,31485,-29817,-6285,-32087,0
1745103176319,1,-16326,4096,240,-1011,-122,0
1745103176362,3,-22653,-28954,25945,22667,-29660,0
1745103176362,2,-26758,31388,-19097,-18565,31653,0
1745103176363,0,30585,32348,32296,30591,32660,0
1745103176377,1,-5,-1089,-16385,-5,-2092,0
1745103176407,3,30868,-32408,-12504,-10097,32603,0
1745103176407,2,-10374,31919,-13737,10108,31951,0
1745103176408,0,6284,31557,12776,-22389,32606,0
1745103176410,1,24563,-2561,-9281,-5,-1089,0
1745103176452,3,10380,-32371,12056,6281,-32093,0
1745103176452,2,-14469,32187,-11193,22396,31673,0
1745103176453,0,14482,-32023,18184,-5745,-30931,0
1745103176468,1,-5,-1089,-10241,-24586,-1062,0
1745103176496,3,26751,-32119,20007,-22409,-31683,0
1745103176497,2,-22660,31949,-18841,14203,31942,0
1745103176498,0,-9848,-28857,21160,6540,-28557,0
1745103176499,1,-16394,-1066,-16385,4092,-3116,0
1745103176542,3,-30863,-30987,-15817,14197,-30736,0
1745103176543,2,-14468,32216,-10265,-14467,32492,0
1745103176557,0,30848,-26128,-2632,18565,-27458,0
1745103176558,1,-21497,-238,9983,-8195,-3116,0
1745103176617,3,6007,-31369,-23896,-26754,-32364,0
1745103176617,2,1917,32476,-5465,1918,32489,0
1745103176618,0,10114,-27913,-26711,-6009,-28603,0
1745103176619,1,0,-14378,-129,28658,-1057,0
1745103176646,3,-22656,30316,14360,-2172,31681,0
1745103176647,2,-30852,32457,-8345,14206,31700,0
1745103176648,0,-26739,32758,2169,30864,-31378,0
1745103176649,1,-2561,133,12032,31753,-222,0
1745103176692,3,-18296,28929,-23513,-1914,31319,0
1745103176692,2,-30851,32219,-9705,-10370,31973,0
1745103176693,0,2193,30870,-1369,30863,-32570,0
1745103176694,1,-257,14782,224,11026,-50,0
1745103176752,3,-22403,30479,-698,6264,-32680,0
1745103176752,2,6010,30889,-29353,-10374,31404,0
1745103176753,0,2173,30562,-11370,10364,-32087,0
1745103176754,1,20487,1792,16,-17396,-153,0
1745103176782,3,-26769,32726,3191,1896,30500,0
1745103176782,2,30588,31665,-12617,-18564,31941,0
1745103176783,0,10095,-32009,22535,30574,-32082,0
1745103176785,1,0,896,144,10754,-43,0
1745103176842,3,9823,27424,27670,-27298,27626,0
1745103176842,2,30585,30604,31175,6004,30011,0
1745103176843,0,1633,29561,-21930,9822,28950,0
1745103176845,1,-16402,-51,7158,0,32512,0
1745103176872,3,30318,28544,-30697,-10636,29930,0
1745103176872,2,14194,30553,29047,10101,30546,0
1745103176873,0,-6542,28613,-17753,-6536,30196,0
1745103176874,1,0,0,28928,0,-15672,0
1745103176917,3,-30850,28976,-25593,-2181,29275,0
1745103176917,2,1909,31087,-26249,1912,31374,0
1745103176918,0,26490,27666,9223,26492,27243,0
1745103176932,1,0,113,-1024,8131,-3841,0
1745103176977,3,10106,29336,3591,-30854,30973,0
1745103176977,2,14202,31394,-18409,-2182,31377,0
1745103176992,0,30580,28489,-5178,14457,31001,0
1745103176992,1,0,75,0,28583,-3073,0
1745103177022,3,-26759,30651,6727,26484,31395,0
1745103177022,2,22393,31395,-20553,1917,31424,0
1745103177023,0,22646,32042,8423,6002,31921,0
1745103177024,1,-5,-1089,-13057,-12296,-104,0
1745103177067,3,22388,31648,25671,-6285,32137,0
1745103177067,2,-26757,31155,-25913,26491,31956,0
1745103177081,0,-18575,32149,-26041,-22666,-31796,0
1745103177083,1,-20494,-1068,-16385,-5,-1089,0
1745103177112,3,22390,31394,-30057,-14475,31868,0
1745103177112,2,-18564,31685,-25049,26489,31133,0
1745103177113,0,-18572,31107,-27465,-31117,29928,0
1745103177114,1,-5,-1089,-16385,-3,-181,0
1745103177157,3,30583,30560,-17481,14205,31927,0
1745103177172,2,-30854,31664,-22937,18298,31141,0
1745103177172,0,-14736,27800,-21753,-2175,29627,0
1745103177173,1,-4088,14592,-2306,-1,-688,0
1745103177201,3,-2178,31420,-12201,-18561,30152,0
1745103177202,2,14203,31665,-18777,26490,31657,0
1745103177203,0,18302,30945,-21849,-2176,30704,0
1745103177204,1,-5,-1089,-7681,24564,-5121,0
1745103177268,3,22396,30675,23719,-26498,32060,0
1745103177268,2,1916,31675,-16921,22393,31631,0
1745103177268,0,-6277,29627,7095,30845,31796,0
1745103177268,1,0,137,-9471,20442,-3073,0
1745103177292,3,-26761,31917,-17769,-14211,32297,0
1745103177293,2,1917,31687,-16217,30589,31960,0
1745103177322,0,10095,30782,759,10093,32129,0
1745103177323,1,-32717,3840,192,15109,-81,0
1745103177352,3,-18568,32152,-27017,10100,32669,0
1745103177353,2,-26756,31698,-23673,6009,31631,0
1745103177353,0,30573,31241,28263,1643,30427,0
1745103177354,1,512,-3938,-30097,-20432,2304,0
1745103177396,3,14201,-32378,30264,1924,31700,0
1745103177397,2,14203,31401,-18777,22395,31147,0
1745103177398,0,-30859,31518,-4361,-6278,30333,0
1745103177399,1,0,-13842,-97,-28684,-151,0
1745103177442,3,-10372,31111,-11481,22398,31415,0
1745103177442,2,-30855,31670,-27625,26488,31644,0
1745103177443,0,-22661,28751,32151,-6277,29791,0
1745103177457,1,0,0,-27904,768,-6284,0
1745103177487,3,-30855,29863,23591,-10374,31959,0
1745103177487,2,30586,31138,-24921,14202,30595,0
1745103177488,0,-18570,29343,-9450,18294,31713,0
1745103177489,1,0,512,11488,2048,-35,0
1745103177532,3,30586,31467,22103,-18569,31675,0
1745103177532,2,18299,31133,-27561,30586,31410,0
1745103177533,0,1908,30638,10839,-2192,-31786,0
1745103177534,1,28679,1024,2048,2560,-240,0
1745103177577,3,-6281,31683,21255,-18572,32445,0
1745103177577,2,-10373,31677,-25081,-10376,31124,0
1745103177578,0,26477,30579,10487,-6286,32647,0
1745103177579,1,0,1105,224,31753,-218,0
1745103177622,3,22389,30489,-26793,1911,-32622,0
1745103177622,2,6009,31386,-19721,26490,31923,0
1745103177623,0,18291,30220,-23081,-30860,32095,0
1745103177637,1,0,256,22560,1536,-21,0
1745103177667,3,18296,30817,-13625,-14470,31083,0
1745103177682,2,1914,31651,-18313,10107,31665,0
1745103177682,0,-10374,29539,32439,30585,30566,0
1745103177684,1,0,256,22080,1792,-177,0
1745103177727,3,-6278,29522,-29689,18299,31636,0
1745103177727,2,-22661,31405,-21017,6010,31644,0
1745103177728,0,-22657,28257,28071,-2182,32201,0
1745103177743,1,26111,80,7681,768,-6286,0
1745103177786,3,6269,32013,-15145,30846,31503,0
1745103177787,2,-14468,31944,-5977,-6275,31939,0
1745103177788,0,30846,32065,24487,-18310,-32763,0
1745103177789,1,8135,-3329,-8337,-4099,-210,0
1745103177817,3,18559,32282,-1817,-30592,-32726,0
1745103177817,2,18302,32223,-19881,1915,31694,0
1745103177818,0,1909,32748,-16521,1914,-32581,0
1745103177819,1,-8185,4864,-2708,-257,-79,0
1745103177862,3,-30859,-32287,23303,1905,-32597,0
1745103177862,2,10105,31935,-21369,-14472,31653,0
1745103177863,0,-2188,31582,-21337,18294,32411,0
1745103177864,1,0,1792,96,-1011,-122,0
1745103177907,3,-2188,30745,-20265,-22668,31313,0
1745103177907,2,-6279,31401,-25897,18297,31653,0
1745103177908,0,-18569,28677,12551,1909,30833,0
1745103177909,1,4128,3584,32,-29952,-236,0
1745103177952,3,14200,30300,-2681,1921,30857,0
1745103177952,2,-6279,32185,-11657,26492,31148,0
1745103177953,0,-10375,28968,27799,-6282,31347,0
1745103177955,1,0,0,-30976,1024,-2155,0
1745103177997,3,22397,30139,32487,6015,30956,0
1745103177997,2,-10374,31107,-16089,26490,31116,0
1745103177998,0,6011,29643,-2186,1909,30912,0
1745103178012,1,-769,3082,144,-16378,0,0
1745103178043,3,-1920,32283,-8521,-1924,-32215,0
1745103178057,2,14203,31416,-21017,14204,31421,0
1745103178057,0,-18566,32755,-13065,-22662,32757,0
1745103178059,1,-1,-687,-7713,20468,-5121,0
1745103178088,3,-30855,-31760,6664,30589,-32032,0
1745103178102,2,-2181,30903,-27145,10106,31123,0
1745103178102,0,-6276,32758,-2329,30588,-31772,0
1745103178103,1,11013,-105,10239,-20481,-184,0
1745103178147,3,30584,31861,4024,-10371,32439,0
1745103178147,2,-22664,31122,-27977,6009,31400,0
1745103178148,0,-14471,31823,8552,14207,30104,0
1745103178149,1,8,5632,8205,-257,-65,0
1745103178208,3,22394,32402,-13785,14200,31633,0
1745103178208,2,1914,31382,-21081,30586,31935,0
1745103178221,0,-10376,28713,14055,10103,31176,0
1745103178222,1,20552,3840,64,-9467,-53,0
1745103178236,3,26494,31405,-19881,-26754,31217,0
1745103178237,2,6008,31358,-15945,-14469,31665,0
1745103178238,0,-2177,29352,7543,-10370,30198,0
1745103178239,1,0,141,-12285,-8208,-4865,0
1745103178282,3,26491,30621,-27961,10368,31261,0
1745103178282,2,26491,31644,-12393,10109,31145,0
1745103178283,0,18292,29795,9655,-6282,31660,0
1745103178298,1,0,118,-6912,-8248,-3841,0
1745103178327,3,1913,31440,31943,22651,-31715,0
1745103178327,2,1913,31650,-18361,14204,30900,0
1745103178328,0,-2188,30067,10231,-22667,31919,0
1745103178329,1,-8191,2048,80,3354,-151,0
1745103178372,3,18295,31914,-29849,-1930,-32745,0
1745103178372,2,-26760,31673,-25049,-22663,31398,0
1745103178373,0,10096,30782,-27833,-26500,-32510,0
1745103178374,1,0,1371,48,-17395,-129,0
1745103178432,3,14199,31854,-9513,26488,-31822,0
1745103178432,2,-26760,31385,-24153,1912,31367,0
1745103178433,0,-18567,28170,-30249,-18568,31311,0
1745103178434,1,122,768,-24592,1024,-2427,0
1745103178462,3,-26756,30048,-20569,-2183,31361,0
1745103178507,2,30584,31385,-24809,-26759,31112,0
1745103178507,0,6013,29319,32471,-6278,31913,0
1745103178508,1,29417,217,-4352,1792,-202,0
1745103178522,3,-14466,30381,-27721,22400,30961,0
1745103178522,2,-6279,30829,-20553,-30854,30872,0
1745103178523,0,22397,30423,1879,26486,31999,0
1745103178525,1,-257,14565,240,-138,-3073,0
1745103178567,3,6011,30102,17943,6010,31485,0
1745103178567,2,-22663,31114,-24297,22395,31166,0
1745103178568,0,1906,30823,21879,-10380,-32283,0
1745103178582,1,0,119,-5888,12233,-2817,0
1745103178612,3,30578,30591,17063,10100,31397,0
1745103178612,2,22390,30064,12615,-2189,29516,0
1745103178613,0,26485,29239,-30633,10100,31843,0
1745103178614,1,24585,1792,96,-1011,-122,0
1745103178657,3,1914,32703,-27465,6001,-32660,0
1745103178659,2,-26763,29544,10967,-10379,31119,0
1745103178660,0,18299,31589,-16105,22394,31158,0
1745103178660,1,24557,-1312,24373,512,-6464,0
1745103178701,3,-18567,-32118,28584,-10368,32415,0
1745103178702,2,26487,31094,-26761,-10377,31100,0
1745103178702,0,26494,-32567,11352,-30588,31551,0
1745103178704,1,0,-14106,-17,28660,-143,0
1745103178747,3,-22661,31100,-5129,22400,32188,0
1745103178747,2,1915,31389,-17561,-2182,31126,0
1745103178748,0,1916,31209,22455,14203,32503,0
1745103178749,1,0,0,30976,1280,-365,0
1745103178792,3,22397,30662,-27001,10370,32611,0
1745103178792,2,30586,30870,-27097,-18566,30625,0
1745103178806,0,-18571,30877,26439,-22409,-31733,0
1745103178807,1,-32762,35,96,-16479,-2561,0
1745103178838,3,-10119,31747,20135,-18309,32555,0
1745103178852,2,-2183,31141,-30009,-10375,31418,0
1745103178852,0,-6284,30502,27063,-26762,31641,0
1745103178854,1,-16377,68,20992,-28743,-3329,0
1745103178897,3,30581,31668,-25897,-1928,-31469,0
1745103178897,2,22394,31935,-20713,-14469,32224,0
1745103178898,0,-10378,30006,27479,-30859,31890,0
1745103178900,1,-32679,3840,240,3088,-241,0
1745103178942,3,22388,-31619,8376,-10377,32362,0
1745103178942,2,-6278,32189,-14697,22395,32199,0
1745103178943,0,18300,31400,-1721,30595,31721,0
1745103178945,1,0,-19413,-1,-16398,-3101,0
1745103178987,3,10106,31063,10872,-22652,30884,0
1745103178987,2,-26756,32464,-3993,-18563,32200,0
1745103178988,0,-6278,30396,-19897,-2174,31453,0
1745103178989,1,-8187,3584,-29092,-1,-2999,0
1745103179031,3,-14464,30869,5480,-1913,30729,0
1745103179032,2,10110,31681,-6969,6015,31955,0
1745103179033,0,-22665,30880,-24025,22659,32337,0
1745103179034,1,0,121,-28667,-4,-1591,0
1745103179076,3,-10108,29700,16919,26752,32380,0
1745103179077,2,-26754,31971,-16825,26493,31966,0
1745103179078,0,14205,31982,-32473,22651,32537,0
1745103179079,1,16393,1536,128,-24727,-92,0
1745103179122,3,30841,-32395,19271,10358,-31951,0
1745103179122,2,26494,32250,-16393,-6276,32508,0
1745103179123,0,-22401,-32233,7848,-14209,-31739,0
1745103179124,1,-24631,-3329,-4753,-4104,-106,0
1745103179168,3,1913,32672,-13065,-6283,-31283,0
1745103179169,2,-2181,32215,-15177,30587,32462,0
1745103179169,0,26490,30288,-18889,14206,31933,0
1745103179182,1,16515,0,29191,-1,-228,0
1745103179212,3,1906,32538,-25720,30590,31271,0
1745103179226,2,22395,32443,-4009,-6275,32471,0
1745103179227,0,10104,30820,-12409,-10374,32189,0
1745103179229,1,0,-23040,-129,16373,-169,0
1745103179272,3,-30852,29478,-13689,1920,29546,0
1745103179272,2,30589,31670,-9993,10108,31124,0
1745103179273,0,-22667,29805,22311,2174,32285,0
1745103179288,1,0,96,17152,-24649,-2817,0
1745103179316,3,14212,28567,23975,14470,30845,0
1745103179317,2,1918,31429,-15753,6014,31440,0
1745103179318,0,22385,30024,7767,18292,32185,0
1745103179332,1,-20472,533,144,-20598,-4097,0
1745103179377,3,22656,31052,5127,-6027,32527,0
1745103179377,2,-6277,31421,-24841,-22662,31167,0
1745103179378,0,-10119,31489,17927,30577,30791,0
1745103179392,1,-24695,-5633,-12798,3328,-1778,0
1745103179421,3,-6291,-32610,32023,30578,-32398,0
1745103179422,2,-22663,32195,-20985,6010,31926,0
1745103179423,0,1905,29965,-27417,18294,29223,0
1745103179424,1,256,-13019,-97,20462,-38,0
1745103179451,3,-14481,32557,312,1910,32318,0
1745103179452,2,18298,32197,-13945,-10374,31926,0
1745103179453,0,14200,29767,-18153,-18563,31170,0
1745103179454,1,-20473,4608,-10724,-257,-41,0
1745103179496,3,18296,30228,13400,-22654,31413,0
1745103179497,2,10108,31665,-11065,18300,31664,0
1745103179498,0,6006,30079,-32729,10107,31694,0
1745103179512,1,24583,3584,-29620,-1,-2489,0
1745103179541,3,-26753,28793,-30409,-26492,30737,0
1745103179543,2,-6276,31671,-12537,-18563,31430,0
1745103179557,0,18296,30892,18087,22652,32575,0
1745103179558,1,0,118,-8448,28616,-2817,0
1745103179602,3,-1923,30506,1591,30840,32286,0
1745103179602,2,-10370,31453,-19401,-10371,31973,0
1745103179603,0,22393,32457,21111,-6286,-32599,0
1745103179617,1,-1009,-57,24274,2816,-178,0
1745103179647,3,22388,-32009,21447,-14217,-30849,0
1745103179647,2,26490,31936,-16105,26492,32220,0
1745103179648,0,6007,31619,-18121,-6274,-31751,0
1745103179649,1,0,184,-28672,-24640,-3329,0
1745103179706,3,26485,-30767,13096,30586,-30753,0
1745103179707,2,26490,32194,-11609,-2181,32196,0
1745103179708,0,18301,32696,11304,18564,32315,0
1745103179709,1,-24516,15616,-25794,-1,-2968,0
1745103179736,3,-26756,32337,18824,1920,32453,0
1745103179737,2,10107,31914,-15065,22394,31640,0
1745103179738,0,-26490,-30867,-29208,6278,-32192,0
1745103179739,1,-1,-452,-16593,-5,-3359,0
1745103179782,3,30596,31387,27976,22406,29061,0
1745103179782,2,-26755,31669,-8249,-30851,31413,0
1745103179783,0,-26755,32468,-2505,2176,31762,0
1745103179784,1,-1,-730,-11009,-10,-560,0
1745103179827,3,6270,29967,19191,14464,32086,0
1745103179827,2,-10373,31421,-18729,18301,31698,0
1745103179828,0,14196,31629,-21145,10363,-32752,0
1745103179842,1,0,1792,96,-17394,-250,0
1745103179871,3,-6018,32610,15543,30839,-31395,0
1745103179872,2,26492,31696,-25049,-30853,31694,0
1745103179873,0,26492,32184,-14329,-14475,32379,0
1745103179874,1,-20558,-1793,29188,3328,-198,0
1745103179917,3,-18573,-30747,-10745,-14473,-32028,0
1745103179932,2,-26758,31948,-22873,-2183,32192,0
1745103179932,0,6012,31357,-13481,-6276,30414,0
1745103179933,1,768,-3881,-17,24562,-80,0
1745103179962,3,-22667,-32443,24648,-2182,32600,0
1745103179976,2,18298,32187,-10521,18299,32183,0
1745103179977,0,-18569,31881,-14265,22395,32201,0
1745103179978,1,0,-14106,-1,28658,-3073,0
1745103180021,3,6016,30036,1048,30591,28169,0
1745103180022,2,6013,31928,-8681,26493,31666,0
1745103180022,0,-30859,29042,2215,-6285,30573,0
1745103180024,1,-257,13397,32,-32759,0,0
1745103180066,3,-6268,29635,-31225,-26493,30029,0
1745103180067,2,-18563,31413,-17529,-26755,31444,0
1745103180067,0,18297,31655,29495,26485,31924,0
1745103180069,1,-1,-1438,-11777,-16397,-20737,0
1745103180112,3,2174,31295,3095,-1924,31839,0
1745103180112,2,22397,31704,-20057,6013,31966,0
1745103180113,0,18290,32682,-19065,-22662,31680,0
1745103180142,1,-1011,-122,12287,-12293,-131,0
1745103180157,3,-18316,-31732,30199,-30862,-31495,0
1745103180157,2,-18565,32226,-17161,-30853,32215,0
1745103180158,0,-2189,31580,-22553,-14473,31098,0
1745103180159,1,0,-13841,-81,4081,-117,0
1745103180201,3,30573,-31921,15352,-14474,-32132,0
1745103180202,2,-18568,31649,-20521,-2184,31639,0
1745103180203,0,18295,30017,-19337,30589,32469,0
1745103180217,1,0,1024,176,2560,-139,0
1745103180247,3,-2441,30421,14264,10111,30794,0
1745103180247,2,10106,31632,-10921,-18565,31385,0
1745103180248,0,22393,28726,23255,14200,32411,0
1745103180249,1,200,249,-5376,0,-14867,0
1745103180292,3,-14462,29328,-5865,-14199,29456,0
1745103180292,2,-30852,30879,-21817,-26757,30616,0
1745103180293,0,18297,31355,-4105,-6277,-32562,0
1745103180307,1,24584,5376,14221,-1,-12801,0
1745103180352,3,2176,29736,8951,-14208,31308,0
1745103180352,2,-18564,31171,-25401,-14469,31162,0
1745103180353,0,-6024,32260,-3689,6014,31919,0
1745103180354,1,-5105,-84,16895,20472,-1555,0
1745103180396,3,-10125,-31988,14647,-14224,-32758,0
1745103180397,2,6010,31687,-27001,-30855,31405,0
1745103180398,0,-10380,32648,-3225,-18563,30649,0
1745103180399,1,768,-5322,-17,-8203,-171,0
1745103180441,3,-14481,-30792,3864,-26767,-31376,0
1745103180442,2,-2183,32192,-13577,30586,31936,0
1745103180442,0,18299,30327,-29273,14199,31643,0
1745103180444,1,-12280,15616,3407,-257,-38,0
1745103180486,3,-10375,32031,20184,9851,30705,0
1745103180501,2,-30853,31914,-8025,14204,31914,0
1745103180502,0,10112,30698,-23465,-6276,31096,0
1745103180503,1,20413,-4353,-241,-8063,18176,0
1745103180532,3,18306,30085,3736,14215,29860,0
1745103180532,2,18301,31660,-8537,-26756,31403,0
1745103180533,0,14198,32148,-4809,-6274,31700,0
1745103180534,1,5,2560,12700,-1,-219,0
1745103180577,3,-6265,28885,27783,26753,32326,0
1745103180577,2,18302,31434,-19529,18300,31689,0
1745103180578,0,-6282,30838,-27305,-14475,-31524,0
1745103180579,1,16392,0,31744,1280,-1515,0
1745103180622,3,-1925,31585,5111,-10119,-31090,0
1745103180622,2,-30852,31691,-27113,26490,32208,0
1745103180623,0,18296,31904,-15993,22392,31927,0
1745103180637,1,-32759,1536,112,11015,-30,0
1745103180667,3,10096,-31834,-28233,-10125,-30181,0
1745103180681,2,-6279,31946,-20537,14202,31933,0
1745103180682,0,22393,30809,-17273,30845,-31726,0
1745103180683,1,0,1792,96,-1011,-122,0
1745103180712,3,22386,31747,-3577,-18570,32582,0
1745103180727,2,26489,31649,-21865,-26759,31656,0
1745103180727,0,-10370,29006,-29337,-22659,31103,0
1745103180729,1,-24474,1280,31792,0,-13571,0
1745103180771,3,-10371,29504,5528,-18557,30059,0
1745103180772,2,-18566,31115,-18105,-2182,31377,0
1745103180773,0,-14470,29376,9367,30588,30959,0
1745103180787,1,-1281,253,-26367,-8227,-3329,0
1745103180816,3,-2173,29383,-29145,10373,30013,0
1745103180817,2,-14468,31413,-15657,10109,31164,0
1745103180832,0,-6285,31661,-31705,14459,-30932,0
1745103180833,1,0,133,-26623,12246,-2817,0
1745103180861,3,-6021,30995,13895,18562,-32577,0
1745103180862,2,14205,31953,-14969,-2179,31975,0
1745103180863,0,-10384,31285,-17065,10364,32514,0
1745103180864,1,24583,92,-8448,28616,-3329,0
1745103180922,3,-10385,31888,15895,-18575,-31236,0
1745103180922,2,14202,31941,-24537,-22662,31953,0
1745103180923,0,1651,29429,-26537,-26760,30860,0
1745103180924,1,0,1401,0,-5110,-199,0
1745103180951,3,14193,31569,-26169,14193,32565,0
1745103180952,2,-26758,31932,-16713,14203,31934,0
1745103180953,0,5745,27027,4007,18295,30863,0
1745103180954,1,12343,2304,19680,1536,-202,0
1745103180997,3,-6539,29384,-7193,-30854,30509,0
1745103180997,2,-6278,31655,-17049,30587,31657,0
1745103180998,0,-2189,28986,8087,6010,30915,0
1745103181012,1,-8115,2816,13328,2048,-237,0
1745103181056,3,22395,27923,30711,30588,29859,0
1745103181057,2,-10374,31126,-22761,30587,31400,0
1745103181058,0,18287,30865,7671,-10383,-32573,0
1745103181059,1,0,1536,48,23301,-88,0
1745103181088,3,-18570,29583,8167,-1927,31499,0
1745103181102,2,-14470,31146,-26009,30588,31702,0
1745103181102,0,1904,31870,25479,14192,-32646,0
1745103181103,1,24577,1792,64,-5108,-150,0
1745103181147,3,6004,31674,9767,6261,-32502,0
1745103181147,2,6011,31684,-23673,-6278,32211,0
1745103181148,0,26481,31012,-26857,1908,31560,0
1745103181149,1,16431,4096,16,15112,-17,0
1745103181191,3,22386,-32644,-12025,-22669,-32162,0
1745103181192,2,22393,31923,-20377,-26758,31934,0
1745103181193,0,26493,29218,-19753,22397,30612,0
1745103181207,1,-12116,50,-12032,256,-12750,0
1745103181236,3,-6282,31821,1080,-10374,31612,0
1745103181237,2,-22662,31657,-19865,-10375,31652,0
